episodio,score,passos,segundos_jogo,bolas_usadas
0,324500,16526,137.72,3
1,254000,14568,121.40,3
2,403500,17294,144.12,3
3,1256000,27855,232.12,3
4,407500,18328,152.73,3
5,229500,15401,128.34,3
6,787250,17660,147.17,3
7,254250,14067,117.22,3
8,300250,14983,124.86,3
9,785000,29265,243.87,3
10,176000,12315,102.62,3
11,358750,20697,172.48,3
12,772250,30763,256.36,3
13,838500,26607,221.72,3
14,548250,30863,257.19,3
15,216750,9577,79.81,3
16,392750,21030,175.25,3
17,381500,14583,121.52,3
18,294000,15886,132.38,3
19,449250,16733,139.44,3
20,197750,10602,88.35,3
21,498750,22625,188.54,3
22,883750,25222,210.18,3
23,156750,11436,95.30,3
24,274250,17248,143.73,3
25,297000,16216,135.13,3
26,294750,17788,148.23,3
27,339500,18268,152.23,3
28,1126750,28668,238.90,3
29,1278000,24163,201.36,3
30,1200250,38820,323.50,3
31,732750,26737,222.81,3
32,385750,12991,108.26,3
33,268250,17414,145.12,3
34,408250,19087,159.06,3
35,344250,17801,148.34,3
36,384250,15820,131.83,3
37,139000,10019,83.49,3
38,321000,13222,110.18,3
39,681750,27483,229.02,3
40,129750,9802,81.68,3
41,416750,19708,164.23,3
42,489500,16952,141.27,3
43,587500,30628,255.23,3
44,341750,22489,187.41,3
45,591250,26667,222.22,3
46,371750,19365,161.38,3
47,244500,14140,117.83,3
48,543750,20515,170.96,3
49,609000,30613,255.11,3
50,611500,25381,211.51,3
51,296750,13859,115.49,3
52,718500,22426,186.88,3
53,293750,16675,138.96,3
54,747000,29534,246.12,3
55,283500,15137,126.14,3
56,442250,12866,107.22,3
57,251500,14064,117.20,3
58,632750,21103,175.86,3
59,652000,20641,172.01,3
60,402250,18281,152.34,3
61,976250,20876,173.97,3
62,762000,34586,288.22,3
63,645250,21093,175.77,3
64,871750,24326,202.72,3
65,534250,25745,214.54,3
66,300000,13639,113.66,3
67,1387000,26187,218.22,3
68,1235000,32332,269.43,3
69,593000,23911,199.26,3
70,1177000,42178,351.48,3
71,345750,17441,145.34,3
72,412500,23021,191.84,3
73,831000,30565,254.71,3
74,1065250,19321,161.01,3
75,419500,20103,167.52,3
76,373750,18538,154.48,3
77,303500,12477,103.97,3
78,125250,9926,82.72,3
79,305500,11559,96.32,3
80,443000,19893,165.77,3
81,348750,22237,185.31,3
82,371000,17537,146.14,3
83,558750,23950,199.58,3
84,1247750,32943,274.52,3
85,171500,13432,111.93,3
86,575250,18469,153.91,3
87,156000,10372,86.43,3
88,580250,28883,240.69,3
89,520750,14725,122.71,3
90,637250,32625,271.88,3
91,258000,15389,128.24,3
92,341500,12091,100.76,3
93,146750,12067,100.56,3
94,287000,12922,107.68,3
95,379250,18740,156.17,3
96,174750,12810,106.75,3
97,284750,17095,142.46,3
98,319500,17582,146.52,3
99,535000,20222,168.52,3
100,312000,21000,175.00,3
101,1184500,27943,232.86,3
102,259000,12770,106.42,3
103,294500,15343,127.86,3
104,284750,18302,152.52,3
105,254500,15365,128.04,3
106,1044750,30373,253.11,3
107,375750,21720,181.00,3
108,410500,16750,139.58,3
109,201500,14983,124.86,3
110,1006500,36052,300.43,3
111,198750,15648,130.40,3
112,293000,17359,144.66,3
113,350500,12252,102.10,3
114,364000,17365,144.71,3
115,215250,12865,107.21,3
116,1071750,24216,201.80,3
117,411500,19504,162.53,3
118,1433000,31844,265.37,3
119,223500,12141,101.18,3
120,901000,35717,297.64,3
121,531500,20392,169.93,3
122,574250,16974,141.45,3
123,526500,22023,183.52,3
124,544500,24765,206.37,3
125,329500,16537,137.81,3
126,313000,20251,168.76,3
127,555250,20885,174.04,3
128,928500,20338,169.48,3
129,491750,20252,168.77,3
130,1048750,21384,178.20,3
131,207750,12780,106.50,3
132,594000,26746,222.88,3
133,616500,21841,182.01,3
134,205250,11147,92.89,3
135,607750,16627,138.56,3
136,188750,11594,96.62,3
137,427500,18657,155.48,3
138,262500,16218,135.15,3
139,333000,16646,138.72,3
140,441750,23812,198.43,3
141,441250,21701,180.84,3
142,107250,8675,72.29,3
143,831500,19529,162.74,3
144,476250,26541,221.17,3
145,961500,30466,253.88,3
146,344250,18024,150.20,3
147,270500,14157,117.97,3
148,245500,11222,93.52,3
149,387250,18525,154.38,3
150,266250,17441,145.34,3
151,405000,22937,191.14,3
152,281250,12565,104.71,3
153,804250,33310,277.58,3
154,318250,14750,122.92,3
155,677000,28853,240.44,3
156,1112000,31381,261.51,3
157,416000,18385,153.21,3
158,168750,12782,106.52,3
159,253750,12951,107.92,3
160,405750,15822,131.85,3
161,344500,18056,150.47,3
162,482000,17328,144.40,3
163,1105250,36528,304.40,3
164,385750,18674,155.62,3
165,2970750,43809,365.08,3
166,171750,10868,90.57,3
167,278500,14939,124.49,3
168,271250,15405,128.37,3
169,1085000,29179,243.16,3
170,152750,9829,81.91,3
171,487750,20087,167.39,3
172,717250,29263,243.86,3
173,305000,20580,171.50,3
174,1546000,64112,534.27,3
175,2504500,46202,385.02,3
176,191500,12079,100.66,3
177,311000,14919,124.32,3
178,667500,32128,267.73,3
179,563000,28216,235.13,3
180,981500,36894,307.45,3
181,219750,13199,109.99,3
182,350750,18406,153.38,3
183,962000,38254,318.78,3
184,464000,33408,278.40,3
185,250250,14815,123.46,3
186,668250,31841,265.34,3
187,708500,25529,212.74,3
188,387250,17332,144.43,3
189,288250,16909,140.91,3
190,288000,15375,128.12,3
191,219000,11769,98.07,3
192,1124250,29267,243.89,3
193,434250,18766,156.38,3
194,656750,34954,291.28,3
195,282750,14912,124.27,3
196,534500,27919,232.66,3
197,232000,13528,112.73,3
198,346750,18470,153.92,3
199,323250,16776,139.80,3
200,274000,21984,183.20,3
201,262250,13776,114.80,3
202,228250,15626,130.22,3
203,559750,21006,175.05,3
204,342750,15173,126.44,3
205,1108250,26878,223.98,3
206,155500,10403,86.69,3
207,224750,13073,108.94,3
208,309500,18691,155.76,3
209,351750,18855,157.12,3
210,335000,14551,121.26,3
211,896750,19029,158.57,3
212,797750,18134,151.12,3
213,919250,26963,224.69,3
214,250250,15205,126.71,3
215,210750,15367,128.06,3
216,410250,21283,177.36,3
217,327000,17368,144.73,3
218,359750,16774,139.78,3
219,368250,23087,192.39,3
220,343250,13606,113.38,3
221,370500,16616,138.47,3
222,247750,14164,118.03,3
223,504500,28864,240.53,3
224,449000,19078,158.98,3
225,647000,23988,199.90,3
226,475500,21166,176.38,3
227,1278250,31125,259.37,3
228,371500,20259,168.82,3
229,559250,27016,225.13,3
230,212250,15496,129.13,3
231,602500,22820,190.17,3
232,573750,25960,216.33,3
233,881250,35249,293.74,3
234,145750,11170,93.08,3
235,452000,18652,155.43,3
236,479750,27686,230.72,3
237,172000,13441,112.01,3
238,160250,11644,97.03,3
239,247500,17180,143.17,3
240,382000,17029,141.91,3
241,272750,12663,105.52,3
242,167750,12933,107.77,3
243,403250,18718,155.98,3
244,252000,15018,125.15,3
245,863750,30361,253.01,3
246,402500,21289,177.41,3
247,469500,21714,180.95,3
248,1528750,34061,283.84,3
249,516000,20893,174.11,3
250,247750,15881,132.34,3
251,219250,16429,136.91,3
252,1078000,23033,191.94,3
253,692000,25153,209.61,3
254,653250,28418,236.82,3
255,378500,20169,168.07,3
256,860500,15032,125.27,3
257,215250,14787,123.22,3
258,374500,18972,158.10,3
259,492250,29417,245.14,3
260,1475750,37673,313.94,3
261,632750,28102,234.18,3
262,255000,15102,125.85,3
263,566500,30652,255.43,3
264,266500,16774,139.78,3
265,275250,18885,157.38,3
266,330250,17632,146.93,3
267,787250,22949,191.24,3
268,542250,33019,275.16,3
269,736500,24471,203.93,3
270,388250,15344,127.87,3
271,236500,14408,120.07,3
272,595000,23506,195.88,3
273,329500,17492,145.77,3
274,261500,16242,135.35,3
275,770000,33954,282.95,3
276,437750,17273,143.94,3
277,493500,22225,185.21,3
278,404500,21408,178.40,3
279,163000,9272,77.27,3
280,433750,21319,177.66,3
281,389750,21576,179.80,3
282,483500,16994,141.62,3
283,547250,23421,195.18,3
284,411000,15001,125.01,3
285,348250,18707,155.89,3
286,913000,21886,182.38,3
287,275250,13586,113.22,3
288,442750,20261,168.84,3
289,466250,22254,185.45,3
290,104500,9728,81.07,3
291,540250,22802,190.02,3
292,563250,23067,192.23,3
293,262250,20649,172.07,3
294,275250,18014,150.12,3
295,673500,25751,214.59,3
296,343750,17151,142.93,3
297,868500,41720,347.67,3
298,841500,40852,340.43,3
299,160000,11167,93.06,3
300,288000,18680,155.67,3
301,358250,17737,147.81,3
302,338000,23958,199.65,3
303,653250,23744,197.87,3
304,296750,21186,176.55,3
305,280250,13040,108.67,3
306,642500,26189,218.24,3
307,455750,25146,209.55,3
308,133750,10902,90.85,3
309,103750,6714,55.95,3
310,360000,17425,145.21,3
311,468750,23312,194.27,3
312,338500,20583,171.52,3
313,345000,14975,124.79,3
314,640000,22279,185.66,3
315,869750,32674,272.28,3
316,295000,17409,145.07,3
317,235250,11619,96.82,3
318,227500,14205,118.37,3
319,376000,17493,145.77,3
320,338750,15337,127.81,3
321,678250,18353,152.94,3
322,549500,26171,218.09,3
323,309500,17211,143.43,3
324,439000,20240,168.67,3
325,250250,15375,128.12,3
326,704000,26984,224.87,3
327,346750,21115,175.96,3
328,540000,14856,123.80,3
329,535500,25659,213.82,3
330,250500,18507,154.23,3
331,449250,20425,170.21,3
332,149750,13113,109.27,3
333,317250,19053,158.77,3
334,880750,32000,266.67,3
335,343750,18510,154.25,3
336,736250,32856,273.80,3
337,364000,24266,202.22,3
338,348000,17653,147.11,3
339,682000,30101,250.84,3
340,645500,15949,132.91,3
341,391750,20171,168.09,3
342,286250,14258,118.82,3
343,494250,24472,203.93,3
344,1445500,34508,287.57,3
345,139500,10113,84.28,3
346,621750,34009,283.41,3
347,583250,27815,231.79,3
348,851750,16754,139.62,3
349,301000,15278,127.32,3
350,484750,28091,234.09,3
351,448500,19304,160.87,3
352,371500,18841,157.01,3
353,826000,32078,267.32,3
354,356500,15478,128.98,3
355,224500,12530,104.42,3
356,1042000,25275,210.62,3
357,355000,17854,148.78,3
358,1680750,42760,356.33,3
359,360750,15014,125.12,3
360,354000,19579,163.16,3
361,350000,21048,175.40,3
362,170500,12284,102.37,3
363,401250,21125,176.04,3
364,289750,13706,114.22,3
365,301750,20000,166.67,3
366,537500,23736,197.80,3
367,140750,9032,75.27,3
368,429750,12260,102.17,3
369,520250,29698,247.48,3
370,272250,14708,122.57,3
371,555000,30173,251.44,3
372,148250,14216,118.47,3
373,215250,12089,100.74,3
374,288000,15605,130.04,3
375,429750,18716,155.97,3
376,676000,26379,219.82,3
377,1088750,24772,206.43,3
378,336250,16665,138.88,3
379,258750,15121,126.01,3
380,194000,14056,117.13,3
381,277750,15070,125.58,3
382,587000,19125,159.38,3
383,240250,10604,88.37,3
384,459250,16644,138.70,3
385,306250,17519,145.99,3
386,429000,18169,151.41,3
387,197500,11743,97.86,3
388,1036000,34258,285.48,3
389,501500,22479,187.32,3
390,372750,19419,161.82,3
391,596500,30701,255.84,3
392,432500,18240,152.00,3
393,271250,14798,123.32,3
394,251250,15723,131.02,3
395,583500,23743,197.86,3
396,665250,22721,189.34,3
397,276500,13102,109.18,3
398,268250,20316,169.30,3
399,168000,13051,108.76,3
400,604500,28627,238.56,3
401,309000,19037,158.64,3
402,977500,22715,189.29,3
403,317250,15536,129.47,3
404,536750,14934,124.45,3
405,341000,11923,99.36,3
406,507000,21906,182.55,3
407,411750,20214,168.45,3
408,168500,13923,116.02,3
409,1190000,23013,191.77,3
410,441500,16563,138.02,3
411,136750,12082,100.68,3
412,1005750,25234,210.28,3
413,1416000,25479,212.32,3
414,512500,26704,222.53,3
415,477250,22403,186.69,3
416,384000,21460,178.83,3
417,2326750,45217,376.81,3
418,477250,20397,169.98,3
419,346250,19482,162.35,3
420,198500,13217,110.14,3
421,575500,24229,201.91,3
422,431750,16051,133.76,3
423,782500,28728,239.40,3
424,180500,10786,89.88,3
425,426500,17873,148.94,3
426,470000,18968,158.07,3
427,516500,18449,153.74,3
428,262000,15963,133.02,3
429,322000,17334,144.45,3
430,269000,16045,133.71,3
431,119500,8662,72.18,3
432,1007250,24272,202.27,3
433,127250,8330,69.42,3
434,355000,20241,168.68,3
435,252750,15229,126.91,3
436,779250,31241,260.34,3
437,388000,19201,160.01,3
438,492000,25929,216.07,3
439,692500,31532,262.77,3
440,327250,16285,135.71,3
441,762750,27737,231.14,3
442,410750,15564,129.70,3
443,399750,19378,161.48,3
444,261750,14705,122.54,3
445,778250,34528,287.73,3
446,208750,13139,109.49,3
447,536750,24124,201.03,3
448,239250,11738,97.82,3
449,484750,18360,153.00,3
450,1142250,22953,191.27,3
451,131000,10581,88.18,3
452,352000,15717,130.97,3
453,152500,9275,77.29,3
454,489000,25894,215.78,3
455,222500,12348,102.90,3
456,302000,13596,113.30,3
457,173000,9705,80.88,3
458,1345750,27488,229.07,3
459,726250,22408,186.73,3
460,1011500,26051,217.09,3
461,518750,26846,223.72,3
462,263750,15820,131.83,3
463,595250,20654,172.12,3
464,354500,19082,159.02,3
465,277500,14281,119.01,3
466,212250,10652,88.77,3
467,533000,25206,210.05,3
468,963000,41462,345.52,3
469,290750,14178,118.15,3
470,839000,19544,162.87,3
471,420250,20024,166.87,3
472,806250,33853,282.11,3
473,302750,18205,151.71,3
474,525000,25347,211.22,3
475,207000,12335,102.79,3
476,1163250,31916,265.97,3
477,394000,16591,138.26,3
478,496750,24057,200.48,3
479,496500,27837,231.97,3
480,476500,25402,211.68,3
481,219250,12787,106.56,3
482,523250,21819,181.82,3
483,308750,16774,139.78,3
484,444750,20120,167.67,3
485,418750,20333,169.44,3
486,652750,27537,229.47,3
487,981000,24961,208.01,3
488,726000,30066,250.55,3
489,294000,12084,100.70,3
490,261750,14302,119.18,3
491,228750,12581,104.84,3
492,268750,16659,138.82,3
493,423250,14064,117.20,3
494,1392000,37839,315.33,3
495,1092500,23271,193.93,3
496,224000,16018,133.48,3
497,380750,21707,180.89,3
498,324000,13781,114.84,3
499,396750,14245,118.71,3
500,251750,13809,115.07,3
501,120250,10094,84.12,3
502,606500,26335,219.46,3
503,167000,11579,96.49,3
504,358750,15697,130.81,3
505,270250,13834,115.28,3
506,308750,19975,166.46,3
507,231750,17465,145.54,3
508,202500,12686,105.72,3
509,499500,25511,212.59,3
510,1716500,39501,329.17,3
511,366000,16856,140.47,3
512,194000,9816,81.80,3
513,457500,20576,171.47,3
514,647750,32864,273.87,3
515,163000,13151,109.59,3
516,1052000,19406,161.72,3
517,344250,18567,154.73,3
518,413500,18073,150.61,3
519,296250,13771,114.76,3
520,542500,23989,199.91,3
521,263750,13894,115.78,3
522,279000,15272,127.27,3
523,346750,26075,217.29,3
524,170500,9466,78.88,3
525,489750,16787,139.89,3
526,212750,10839,90.32,3
527,313000,14033,116.94,3
528,1137250,20066,167.22,3
529,358500,16401,136.68,3
530,161250,10740,89.50,3
531,317250,21434,178.62,3
532,589000,23233,193.61,3
533,229250,13804,115.03,3
534,783000,39718,330.98,3
535,605750,19937,166.14,3
536,589500,26772,223.10,3
537,353750,20043,167.02,3
538,350250,19110,159.25,3
539,355250,23437,195.31,3
540,249250,15477,128.97,3
541,640000,24461,203.84,3
542,525250,19994,166.62,3
543,237750,17248,143.73,3
544,295500,18733,156.11,3
545,472250,19610,163.42,3
546,271750,16952,141.27,3
547,458750,24256,202.13,3
548,267000,14378,119.82,3
549,217750,11817,98.47,3
550,883250,14255,118.79,3
551,426000,17380,144.83,3
552,573000,26690,222.42,3
553,360000,18669,155.57,3
554,419000,16475,137.29,3
555,370250,17974,149.78,3
556,547500,19209,160.07,3
557,251000,10995,91.62,3
558,430000,22733,189.44,3
559,436750,22747,189.56,3
560,163500,12353,102.94,3
561,337500,14800,123.33,3
562,262500,15935,132.79,3
563,533500,26216,218.47,3
564,335000,15206,126.72,3
565,299500,12771,106.42,3
566,255000,12194,101.62,3
567,1046750,29091,242.42,3
568,439000,14852,123.77,3
569,385750,19367,161.39,3
570,448250,18333,152.77,3
571,336500,16934,141.12,3
572,1138750,19976,166.47,3
573,1965000,43321,361.01,3
574,609250,23339,194.49,3
575,862000,30621,255.17,3
576,303250,20562,171.35,3
577,1105750,21989,183.24,3
578,285250,16814,140.12,3
579,166250,11259,93.82,3
580,310250,21104,175.87,3
581,375500,18399,153.32,3
582,527750,24346,202.88,3
583,282000,14704,122.53,3
584,530750,19270,160.58,3
585,899000,17533,146.11,3
586,372750,20894,174.12,3
587,200250,13593,113.27,3
588,384250,20926,174.38,3
589,201000,12265,102.21,3
590,121750,8061,67.18,3
591,344750,24260,202.17,3
592,1121000,34880,290.67,3
593,714500,35047,292.06,3
594,247750,15771,131.43,3
595,504750,23499,195.82,3
596,257000,16668,138.90,3
597,161500,12318,102.65,3
598,327750,16119,134.32,3
599,292750,17733,147.77,3
600,482750,18384,153.20,3
601,1144500,26360,219.67,3
602,123500,9343,77.86,3
603,444750,22651,188.76,3
604,526750,21998,183.32,3
605,131000,8330,69.42,3
606,367750,23482,195.68,3
607,643000,31136,259.47,3
608,1223750,23445,195.38,3
609,565750,17318,144.32,3
610,265750,14020,116.83,3
611,674000,26044,217.03,3
612,539250,22073,183.94,3
613,1984750,43165,359.71,3
614,455750,24867,207.22,3
615,487000,28483,237.36,3
616,422250,18253,152.11,3
617,555750,21422,178.52,3
618,862250,16616,138.47,3
619,591750,22829,190.24,3
620,531750,19257,160.48,3
621,445500,23339,194.49,3
622,465000,26882,224.02,3
623,134500,9191,76.59,3
624,215750,10133,84.44,3
625,363750,19022,158.52,3
626,575500,22766,189.72,3
627,211250,9933,82.78,3
628,911250,33866,282.22,3
629,111250,8705,72.54,3
630,589000,23530,196.08,3
631,250250,15184,126.53,3
632,318250,16859,140.49,3
633,228500,16257,135.48,3
634,565250,22214,185.12,3
635,487500,27025,225.21,3
636,450750,16811,140.09,3
637,209000,12002,100.02,3
638,560250,27657,230.47,3
639,681500,21679,180.66,3
640,279750,15639,130.32,3
641,428250,22163,184.69,3
642,177750,14004,116.70,3
643,369750,18752,156.27,3
644,177750,10335,86.12,3
645,438750,18690,155.75,3
646,602250,25083,209.02,3
647,284500,12343,102.86,3
648,242000,12632,105.27,3
649,401500,19240,160.33,3
650,516750,28658,238.82,3
651,116750,11139,92.82,3
652,195750,14911,124.26,3
653,458500,23029,191.91,3
654,183500,15618,130.15,3
655,257250,17318,144.32,3
656,326000,17379,144.82,3
657,1038000,26063,217.19,3
658,186500,14053,117.11,3
659,1029000,23845,198.71,3
660,590750,26942,224.52,3
661,290750,15821,131.84,3
662,694000,26068,217.23,3
663,1069250,32950,274.58,3
664,138250,9839,81.99,3
665,273250,16672,138.93,3
666,270750,14712,122.60,3
667,300250,16060,133.83,3
668,953250,26675,222.29,3
669,483000,19618,163.48,3
670,284000,16799,139.99,3
671,376500,20502,170.85,3
672,736500,33165,276.38,3
673,1259750,35672,297.27,3
674,1002250,28111,234.26,3
675,342000,21095,175.79,3
676,1028750,21054,175.45,3
677,254500,12664,105.53,3
678,430250,23231,193.59,3
679,316250,18474,153.95,3
680,186000,12519,104.32,3
681,305500,18793,156.61,3
682,299750,19469,162.24,3
683,391250,18144,151.20,3
684,239250,15015,125.12,3
685,842750,14673,122.27,3
686,853500,33629,280.24,3
687,346250,16395,136.62,3
688,548250,21253,177.11,3
689,401500,18744,156.20,3
690,255750,19685,164.04,3
691,243250,12331,102.76,3
692,941250,24783,206.52,3
693,297750,12439,103.66,3
694,639250,27336,227.80,3
695,432250,23547,196.23,3
696,1139750,26237,218.64,3
697,383000,17074,142.28,3
698,258500,12618,105.15,3
699,1155000,32694,272.45,3
700,1971500,46623,388.52,3
701,550500,27078,225.65,3
702,517000,21955,182.96,3
703,871750,34497,287.48,3
704,212000,12047,100.39,3
705,258250,15446,128.72,3
706,555750,19624,163.53,3
707,450750,20851,173.76,3
708,665500,26524,221.03,3
709,289250,18147,151.23,3
710,132000,11266,93.88,3
711,745250,28177,234.81,3
712,337500,15540,129.50,3
713,381500,20138,167.82,3
714,235250,14297,119.14,3
715,645250,25403,211.69,3
716,1579500,49865,415.54,3
717,657500,30710,255.92,3
718,292500,17648,147.07,3
719,805750,33216,276.80,3
720,387750,22985,191.54,3
721,360500,17745,147.88,3
722,344500,19506,162.55,3
723,802250,29977,249.81,3
724,971250,22735,189.46,3
725,234500,13753,114.61,3
726,384250,17811,148.43,3
727,259750,14004,116.70,3
728,906250,18138,151.15,3
729,607500,26785,223.21,3
730,1223500,32690,272.42,3
731,1093000,22468,187.23,3
732,397000,14771,123.09,3
733,520750,19223,160.19,3
734,996750,26192,218.27,3
735,413250,19946,166.22,3
736,641500,23455,195.46,3
737,746250,26290,219.08,3
738,917750,44734,372.78,3
739,296500,18351,152.93,3
740,991000,30607,255.06,3
741,276750,13654,113.78,3
742,456500,20539,171.16,3
743,873250,30937,257.81,3
744,117250,10690,89.08,3
745,450000,18323,152.69,3
746,335500,16971,141.43,3
747,465250,16025,133.54,3
748,920000,15911,132.59,3
749,668250,19359,161.32,3
750,590000,23923,199.36,3
751,121250,8918,74.32,3
752,225250,13842,115.35,3
753,146500,14766,123.05,3
754,457000,18128,151.07,3
755,451750,15688,130.73,3
756,900750,23735,197.79,3
757,401250,17407,145.06,3
758,932500,32032,266.93,3
759,770250,31155,259.62,3
760,593500,19986,166.55,3
761,433750,27586,229.88,3
762,737250,26596,221.63,3
763,932000,21050,175.42,3
764,157750,12212,101.77,3
765,916500,19768,164.73,3
766,268500,16833,140.27,3
767,532500,18573,154.77,3
768,380750,16772,139.77,3
769,323000,15779,131.49,3
770,373250,16685,139.04,3
771,502000,14713,122.61,3
772,169750,10360,86.33,3
773,347250,11512,95.93,3
774,567250,23932,199.43,3
775,161750,12200,101.67,3
776,328250,16100,134.17,3
777,430250,13401,111.67,3
778,1103750,29019,241.82,3
779,638500,20610,171.75,3
780,271000,11475,95.62,3
781,339250,19972,166.43,3
782,472500,24445,203.71,3
783,369000,16601,138.34,3
784,128000,9493,79.11,3
785,1119250,36362,303.02,3
786,958000,32439,270.33,3
787,463250,22390,186.58,3
788,1339250,21163,176.36,3
789,234750,13467,112.22,3
790,204000,13686,114.05,3
791,703750,34278,285.65,3
792,582750,15645,130.37,3
793,628250,24355,202.96,3
794,595750,25645,213.71,3
795,462500,18841,157.01,3
796,260500,15459,128.82,3
797,623500,20946,174.55,3
798,521750,18899,157.49,3
799,206750,14544,121.20,3
800,271000,16156,134.63,3
801,240000,12973,108.11,3
802,193000,17886,149.05,3
803,270000,16798,139.98,3
804,223000,15284,127.37,3
805,1395500,49323,411.02,3
806,1190500,23887,199.06,3
807,1492500,31743,264.52,3
808,201750,14847,123.72,3
809,1705250,35049,292.08,3
810,271750,15954,132.95,3
811,627250,29520,246.00,3
812,394000,17431,145.26,3
813,167750,12711,105.92,3
814,368250,21127,176.06,3
815,384500,20749,172.91,3
816,1570000,42371,353.09,3
817,568250,23456,195.47,3
818,555000,22133,184.44,3
819,356500,25288,210.73,3
820,354750,17361,144.68,3
821,736000,36302,302.52,3
822,276250,13073,108.94,3
823,112250,8967,74.72,3
824,379250,20158,167.98,3
825,323000,11993,99.94,3
826,419500,13278,110.65,3
827,214250,11520,96.00,3
828,2776750,39634,330.28,3
829,585250,23947,199.56,3
830,495250,22091,184.09,3
831,433500,22395,186.62,3
832,216500,12602,105.02,3
833,254500,12170,101.42,3
834,317750,13922,116.02,3
835,1178750,35664,297.20,3
836,338000,16179,134.82,3
837,417000,15380,128.17,3
838,1072750,22311,185.93,3
839,270250,17667,147.23,3
840,277500,17141,142.84,3
841,249500,16095,134.12,3
842,994500,45588,379.90,3
843,535000,19678,163.98,3
844,453250,21430,178.58,3
845,909500,35266,293.88,3
846,356750,15563,129.69,3
847,326000,23819,198.49,3
848,788750,18749,156.24,3
849,626250,28915,240.96,3
850,381000,14893,124.11,3
851,1078250,26066,217.22,3
852,466250,17359,144.66,3
853,246000,15628,130.23,3
854,199500,15488,129.07,3
855,315250,14429,120.24,3
856,282250,12525,104.37,3
857,713000,30537,254.47,3
858,330750,19953,166.27,3
859,204500,13718,114.32,3
860,532250,21743,181.19,3
861,252500,18225,151.88,3
862,205000,12275,102.29,3
863,520750,24787,206.56,3
864,1382500,27613,230.11,3
865,629750,27080,225.67,3
866,1003750,23003,191.69,3
867,133000,9348,77.90,3
868,855750,23092,192.43,3
869,175250,12518,104.32,3
870,1506250,28982,241.52,3
871,262500,16490,137.42,3
872,179000,12985,108.21,3
873,249500,18621,155.18,3
874,1091750,23767,198.06,3
875,363000,20197,168.31,3
876,299250,12559,104.66,3
877,370500,13489,112.41,3
878,359750,17456,145.47,3
879,493500,16096,134.13,3
880,384500,17037,141.98,3
881,240250,16094,134.12,3
882,348250,14446,120.38,3
883,326250,17597,146.64,3
884,375250,15763,131.36,3
885,428750,18990,158.25,3
886,201750,11629,96.91,3
887,331750,14366,119.72,3
888,349250,21529,179.41,3
889,174750,10283,85.69,3
890,347250,17960,149.67,3
891,360500,24424,203.53,3
892,254750,12778,106.48,3
893,185750,13752,114.60,3
894,291750,20077,167.31,3
895,616750,18789,156.57,3
896,430500,21464,178.87,3
897,287250,16228,135.23,3
898,930500,16605,138.38,3
899,199750,11892,99.10,3
900,371250,16861,140.51,3
901,2460750,65833,548.61,3
902,582000,25954,216.28,3
903,651500,22731,189.43,3
904,782250,21127,176.06,3
905,237000,11401,95.01,3
906,1266250,30054,250.45,3
907,1727500,39800,331.67,3
908,292500,15683,130.69,3
909,245500,13426,111.88,3
910,311500,14624,121.87,3
911,231750,15205,126.71,3
912,451250,20617,171.81,3
913,425250,20841,173.68,3
914,448250,21950,182.92,3
915,1206250,33843,282.02,3
916,143500,11061,92.18,3
917,494500,31130,259.42,3
918,506250,18879,157.32,3
919,246750,12747,106.22,3
920,137000,10351,86.26,3
921,263250,12579,104.82,3
922,165750,12183,101.53,3
923,174000,12356,102.97,3
924,639250,26676,222.30,3
925,474750,24301,202.51,3
926,252250,16759,139.66,3
927,252750,15869,132.24,3
928,518250,19021,158.51,3
929,836000,34428,286.90,3
930,389500,19930,166.08,3
931,696750,30722,256.02,3
932,325750,14242,118.68,3
933,400000,18382,153.18,3
934,259000,13448,112.07,3
935,431250,25427,211.89,3
936,1254000,25703,214.19,3
937,801000,32946,274.55,3
938,565750,29093,242.44,3
939,250750,12875,107.29,3
940,382750,20552,171.27,3
941,216000,13757,114.64,3
942,321000,14701,122.51,3
943,299000,15090,125.75,3
944,762250,17888,149.07,3
945,392250,25809,215.07,3
946,122750,9798,81.65,3
947,1686750,43202,360.02,3
948,282250,16697,139.14,3
949,301250,17188,143.23,3
950,259250,15502,129.18,3
951,173000,13274,110.62,3
952,118250,7137,59.47,3
953,1695250,23441,195.34,3
954,559000,23646,197.05,3
955,142500,9714,80.95,3
956,1008250,22399,186.66,3
957,285500,15466,128.88,3
958,401500,23991,199.93,3
959,185000,8174,68.12,3
960,177000,13489,112.41,3
961,207000,10772,89.77,3
962,785250,38424,320.20,3
963,512500,25616,213.47,3
964,662250,19742,164.52,3
965,414750,17129,142.74,3
966,239750,13973,116.44,3
967,584500,29946,249.55,3
968,1072750,26278,218.98,3
969,373750,20287,169.06,3
970,537000,19660,163.83,3
971,816750,21427,178.56,3
972,528500,20546,171.22,3
973,356000,19893,165.77,3
974,370500,15327,127.72,3
975,285000,15736,131.13,3
976,412000,22528,187.73,3
977,499000,30511,254.26,3
978,442500,24624,205.20,3
979,117000,8199,68.32,3
980,282750,15727,131.06,3
981,464500,18880,157.33,3
982,328250,15112,125.93,3
983,366250,13513,112.61,3
984,306250,15415,128.46,3
985,243750,15508,129.23,3
986,193250,12626,105.22,3
987,856750,36724,306.03,3
988,1402750,34726,289.38,3
989,797500,13938,116.15,3
990,158500,9020,75.17,3
991,305500,14938,124.48,3
992,247000,14049,117.07,3
993,1099500,31686,264.05,3
994,509750,17049,142.07,3
995,979000,19420,161.83,3
996,532000,26965,224.71,3
997,415500,18457,153.81,3
998,967500,20439,170.32,3
999,259000,16570,138.08,3
