modelo,passos,tipo,ep,score,duracao,alvos,missoes,vel,parada,topo
aleatorio,0,baseline,0,1482250,0,0,0,0.0,0.0,0.0
aleatorio,0,baseline,1,651500,0,0,0,0.0,0.0,0.0
aleatorio,0,baseline,2,557250,0,0,0,0.0,0.0,0.0
aleatorio,0,baseline,3,723250,0,0,0,0.0,0.0,0.0
aleatorio,0,baseline,4,131500,0,0,0,0.0,0.0,0.0
aleatorio,0,baseline,5,619750,0,0,0,0.0,0.0,0.0
aleatorio,0,baseline,6,533500,0,0,0,0.0,0.0,0.0
aleatorio,0,baseline,7,1406500,0,0,0,0.0,0.0,0.0
aleatorio,0,baseline,8,460000,0,0,0,0.0,0.0,0.0
aleatorio,0,baseline,9,248250,0,0,0,0.0,0.0,0.0
aleatorio,0,baseline,10,214000,0,0,0,0.0,0.0,0.0
aleatorio,0,baseline,11,383000,0,0,0,0.0,0.0,0.0
ppo_visao_v1,2500000,referencia (treino anterior),0,2581250,307.5,12,1,10.265033841133118,5.775,26.525
ppo_visao_v1,2500000,referencia (treino anterior),1,1530500,307.5,16,0,9.592835307121277,7.825,21.158333333333335
ppo_visao_v1,2500000,referencia (treino anterior),2,2030000,307.5,9,1,10.009400844573975,7.591666666666666,30.599999999999998
ppo_visao_v1,2500000,referencia (treino anterior),3,1175250,238.54165649414062,6,0,10.740151405334473,9.413546851330882,29.45249945899156
ppo_visao_v1,2500000,referencia (treino anterior),4,652000,169.8666534423828,6,0,12.36950397491455,7.8214010777521175,27.62124711316397
ppo_visao_v1,2500000,referencia (treino anterior),5,1578500,307.5,13,0,11.214402318000793,6.175,23.858333333333334
ppo_visao_v1,2500000,referencia (treino anterior),6,2106000,307.5,11,0,10.404788255691528,8.833333333333334,34.2
ppo_visao_v1,2500000,referencia (treino anterior),7,397750,154.34165954589844,9,0,9.539249241352081,10.078311201906708,26.86414708886619
ppo_visao_v1,2500000,referencia (treino anterior),8,2293250,307.5,11,2,11.439270377159119,5.7,22.333333333333332
ppo_visao_v1,2500000,referencia (treino anterior),9,1884500,307.5,11,0,10.921884179115295,8.924999999999999,27.116666666666667
ppo_visao_v1,2500000,referencia (treino anterior),10,947750,183.91665649414062,8,0,10.185911655426025,9.749185206178263,26.101742950262153
ppo_visao_v1,2500000,referencia (treino anterior),11,3690750,307.5,17,2,12.147266864776611,5.55,24.73333333333333
escala_2499996_steps.zip,2499996,checkpoint,0,2465250,307.5,12,1,11.86361849308014,5.683333333333334,23.5
escala_2499996_steps.zip,2499996,checkpoint,1,1298000,307.5,18,0,11.17712140083313,5.8500000000000005,16.400000000000002
escala_2499996_steps.zip,2499996,checkpoint,2,1427750,206.67498779296875,6,1,9.956005811691284,8.961968118488766,22.00326346177984
escala_2499996_steps.zip,2499996,checkpoint,3,2509750,307.5,14,2,10.821199417114258,7.091666666666667,23.150000000000002
escala_2499996_steps.zip,2499996,checkpoint,4,478250,157.41665649414062,11,0,10.845749378204346,8.721027180256796,18.826079706519927
escala_2499996_steps.zip,2499996,checkpoint,5,1452500,307.5,11,0,10.839684009552002,6.9750000000000005,23.358333333333334
escala_2499996_steps.zip,2499996,checkpoint,6,2016000,307.5,11,1,9.308585226535797,7.6499999999999995,27.766666666666666
escala_2499996_steps.zip,2499996,checkpoint,7,2370500,307.5,8,2,10.174301862716675,7.291666666666667,23.258333333333333
escala_2499996_steps.zip,2499996,checkpoint,8,1460750,307.5,13,1,9.397364258766174,9.025,19.608333333333334
escala_2499996_steps.zip,2499996,checkpoint,9,1383250,307.5,12,0,10.873183012008667,7.025,25.583333333333336
escala_2499996_steps.zip,2499996,checkpoint,10,1889750,307.5,16,2,10.3310227394104,7.633333333333334,17.75
escala_2499996_steps.zip,2499996,checkpoint,11,1853000,307.5,17,1,11.131200194358826,6.583333333333333,17.341666666666665
escala_4999992_steps.zip,4999992,checkpoint,0,741250,202.63333129882812,13,0,10.072914361953735,8.685626441199078,21.906225980015375
escala_4999992_steps.zip,4999992,checkpoint,1,1627500,278.6666564941406,11,1,9.96531367301941,8.5922374850189,21.545127685074213
escala_4999992_steps.zip,4999992,checkpoint,2,1089000,220.05833435058594,12,1,10.651066303253174,7.326825826178995,22.06280136422439
escala_4999992_steps.zip,4999992,checkpoint,3,378000,132.7833251953125,6,0,8.653860986232758,13.268156424581006,18.4756584197925
escala_4999992_steps.zip,4999992,checkpoint,4,924500,243.67498779296875,13,0,10.715816020965576,7.049857097491268,23.01259659151053
escala_4999992_steps.zip,4999992,checkpoint,5,2743000,307.5,12,3,9.016023874282837,10.2,22.833333333333332
escala_4999992_steps.zip,4999992,checkpoint,6,1544750,262.70831298828125,7,1,8.462312817573547,9.75609756097561,16.397296503085514
escala_4999992_steps.zip,4999992,checkpoint,7,1751000,283.83331298828125,18,1,10.45658826828003,6.703455762619866,16.600325673964175
escala_4999992_steps.zip,4999992,checkpoint,8,1730750,307.5,15,1,11.364836692810059,4.9,19.75
escala_4999992_steps.zip,4999992,checkpoint,9,1450500,260.7499694824219,8,1,10.302774310112,7.838104639684107,19.802566633761106
escala_4999992_steps.zip,4999992,checkpoint,10,2726750,307.5,14,2,9.175092577934265,8.733333333333333,23.025000000000002
escala_4999992_steps.zip,4999992,checkpoint,11,1813000,307.2416687011719,14,1,9.771194458007812,7.381150959132611,21.467889908256883
escala_7499988_steps.zip,7499988,checkpoint,0,3367750,307.5,12,1,9.866626560688019,7.449999999999999,24.691666666666666
escala_7499988_steps.zip,7499988,checkpoint,1,1781750,307.5,6,1,8.943528831005096,9.491666666666667,26.84166666666667
escala_7499988_steps.zip,7499988,checkpoint,2,885750,256.51666259765625,9,0,9.405432939529419,8.713984539704848,28.53127196064652
escala_7499988_steps.zip,7499988,checkpoint,3,202000,101.0250015258789,0,0,9.159269332885742,12.536754878374767,31.970061480887463
escala_7499988_steps.zip,7499988,checkpoint,4,3483250,307.5,8,2,9.998361468315125,6.4,26.416666666666664
escala_7499988_steps.zip,7499988,checkpoint,5,2450250,269.5333251953125,7,1,9.105190336704254,6.821217324937989,21.89467658843732
escala_7499988_steps.zip,7499988,checkpoint,6,1813250,307.5,11,0,9.756325483322144,10.083333333333332,20.433333333333334
escala_7499988_steps.zip,7499988,checkpoint,7,2335750,307.5,14,2,9.081945419311523,9.475,22.78333333333333
escala_7499988_steps.zip,7499988,checkpoint,8,3663000,307.5,9,1,10.058260560035706,8.225,24.566666666666666
escala_7499988_steps.zip,7499988,checkpoint,9,1631750,307.5,6,1,10.678333044052124,7.658333333333333,33.675
escala_7499988_steps.zip,7499988,checkpoint,10,1457000,286.2250061035156,8,0,10.142734050750732,9.086016683110593,23.84967261637815
escala_7499988_steps.zip,7499988,checkpoint,11,1766000,307.5,7,1,9.659546613693237,8.133333333333333,22.483333333333334
